Name,URL
Live,https://www.sykescottages.co.uk/
Tech,https://sykes:1.sykes@tech.staging.sykescottages.co.uk/
Product,https://sykes:1.sykes@product.staging.sykescottages.co.uk/
Cro,https://sykes:1.sykes@cro.staging.sykescottages.co.uk/
Project,https://sykes:1.sykes@project.staging.sykescottages.co.uk/
Ephemeral,https://sykes:1.sykes@ephemeralName.dev.sykescottages.co.uk/
Live Best Escapes,https://www.best-escapes.com/letyourcottage/
Live Best of Suffolk,https://www.bestofsuffolk.co.uk/letyourcottage/
Live Carbis Bay Holidays,https://www.carbisbayholidays.co.uk/letyourcottage/
Live Character Cottages,https://www.character-cottages.co.uk/letyourcottage/
Live Coast & Country Cottages,https://www.coastandcountry.co.uk/letyourcottage/
Live Coast & Country Holidays,https://www.welsh-cottages.co.uk/letyourcottage/
Live Cornish Cottage Holidays,https://www.cornishcottageholidays.co.uk/letyourcottage/
Live Dream Cottages,https://www.dream-cottages.co.uk/letyourcottage/
Live Heart of the Lakes,https://www.heartofthelakes.co.uk/letyourcottage/
Live Helpful Holidays,https://www.helpfulholidays.co.uk/letyourcottage/
Live Hogans Irish Cottages,https://www.hogansirishcottages.com/letyourcottage/
Live John Bray Cornish Holidays,https://www.johnbraycornishholidays.co.uk/letyourcottage/
Live Lake District Lodge Holidays,https://www.lakedistrictlodgeholidays.co.uk/letyourcottage/
Live Lakes Cottage Holidays,https://www.lakescottageholiday.co.uk/letyourcottage/
Live Lakelovers,https://www.lakelovers.co.uk/letyourcottage/
Live Large Holiday Houses,https://www.lhhscotland.com/letyourcottage/  
Live Lyme Bay Holidays,https://www.lymebayholidays.co.uk/letyourcottage/
Live Manor Cottages,https://www.manorcottages.co.uk/letyourcottage/
Live Menai Holiday Cottages,https://www.menaiholidays.co.uk/letyourcottage/
Live Northumbria Coast & Country Cottages,https://www.northumbria-cottages.co.uk/letyourcottage/
Live Yorkshire Coastal,https://www.yorkshirecoastalcottages.com/letyourcottage/
Tech Best Escapes,https://sykes:1.sykes@boe.tech.staging.cottage-search.com/letyourcottage/
Tech Best of Suffolk,https://sykes:1.sykes@bos.tech.staging.cottage-search.com/letyourcottage/
Tech Carbis Bay Holidays,https://sykes:1.sykes@cbh.tech.staging.cottage-search.com/letyourcottage/
Tech Character Cottages,https://sykes:1.sykes@cha.tech.staging.cottage-search.com/letyourcottage/
Tech Coast & Country Cottages,https://sykes:1.sykes@coastandcountry.tech.staging.cottage-search.com/letyourcottage/
Tech Coast & Country Holidays,https://sykes:1.sykes@wch.tech.staging.cottage-search.com/letyourcottage/
Tech Cornish Cottage Holidays,https://sykes:1.sykes@cornish.tech.staging.cottage-search.com/letyourcottage/
Tech Dream Cottages,https://sykes:1.sykes@dreamcottages.tech.staging.cottage-search.com/letyourcottage/
Tech Heart of the Lakes,https://sykes:1.sykes@heartofthelakes.tech.staging.cottage-search.com/letyourcottage/
Tech Helpful Holidays,https://sykes:1.sykes@helpful.tech.staging.cottage-search.com/letyourcottage/
Tech Hogans Irish Cottages,https://sykes:1.sykes@tech.staging.hogansirishcottages.com/letyourcottage/
Tech John Bray Cornish Holidays,https://sykes:1.sykes@jbch.tech.staging.cottage-search.com/letyourcottage/
Tech Lake District Lodge Holidays,https://sykes:1.sykes@ldlh.tech.staging.cottage-search.com/letyourcottage/
Tech Lakelovers,https://sykes:1.sykes@lakelovers.tech.staging.cottage-search.com/letyourcottage/
Tech Lakes Cottage Holidays,https://sykes:1.sykes@lakes.tech.staging.cottage-search.com/letyourcottage/
Tech Large Holiday Houses,https://sykes:1.sykes@lhh.tech.staging.cottage-search.com/letyourcottage/
Tech Lyme Bay Holidays,https://sykes:1.sykes@lbh.tech.staging.cottage-search.com/letyourcottage/
Tech Manor Cottages,https://sykes:1.sykes@manor.tech.staging.cottage-search.com/letyourcottage/
Tech Menai Holiday Cottages,https://sykes:1.sykes@manor.tech.staging.cottage-search.com/letyourcottage/
Tech Northumbria Coast & Country Cottages,https://sykes:1.sykes@nccc.tech.staging.cottage-search.com/letyourcottage/
Tech Yorkshire Coastal,https://sykes:1.sykes@ycc.tech.staging.cottage-search.com/letyourcottage/
Product Best Escapes,https://sykes:1.sykes@boe.product.staging.cottage-search.com/letyourcottage/
Product Best of Suffolk,https://sykes:1.sykes@bos.product.staging.cottage-search.com/letyourcottage/
Product Carbis Bay Holidays,https://sykes:1.sykes@cbh.product.staging.cottage-search.com/letyourcottage/
Product Character Cottages,https://sykes:1.sykes@cha.product.staging.cottage-search.com/letyourcottage/
Product Coast & Country Cottages,https://sykes:1.sykes@coastandcountry.product.staging.cottage-search.com/letyourcottage/
Product Coast & Country Holidays,https://sykes:1.sykes@wch.product.staging.cottage-search.com/letyourcottage/
Product Cornish Cottage Holidays,https://sykes:1.sykes@cornish.product.staging.cottage-search.com/letyourcottage/
Product Dream Cottages,https://sykes:1.sykes@dreamcottages.product.staging.cottage-search.com/letyourcottage/
Product Heart of the Lakes,https://sykes:1.sykes@heartofthelakes.product.staging.cottage-search.com/letyourcottage/
Product Helpful Holidays,https://sykes:1.sykes@helpful.product.staging.cottage-search.com/letyourcottage/
Product Hogans Irish Cottages,https://sykes:1.sykes@product.staging.hogansirishcottages.com/letyourcottage/
Product John Bray Cornish Holidays,https://sykes:1.sykes@jbch.product.staging.cottage-search.com/letyourcottage/
Product Lake District Lodge Holidays,https://sykes:1.sykes@ldlh.product.staging.cottage-search.com/letyourcottage/
Product Lakelovers,https://sykes:1.sykes@lakelovers.product.staging.cottage-search.com/letyourcottage/
Product Lakes Cottage Holidays,https://sykes:1.sykes@lakes.product.staging.cottage-search.com/letyourcottage/
Product Large Holiday Houses,https://sykes:1.sykes@lhh.product.staging.cottage-search.com/letyourcottage/
Product Lyme Bay Holidays,https://sykes:1.sykes@lbh.product.staging.cottage-search.com/letyourcottage/
Product Manor Cottages,https://sykes:1.sykes@manor.product.staging.cottage-search.com/letyourcottage/
Product Menai Holiday Cottages,https://sykes:1.sykes@manor.product.staging.cottage-search.com/letyourcottage/
Product Coast & Country Holidays,https://sykes:1.sykes@wch.product.staging.cottage-search.com/letyourcottage/
Product Northumbria Coast & Country Cottages,https://sykes:1.sykes@nccc.product.staging.cottage-search.com/letyourcottage/
Product Yorkshire Coastal,https://sykes:1.sykes@ycc.product.staging.cottage-search.com/letyourcottage/
Project Best Escapes,https://sykes:1.sykes@boe.project.staging.cottage-search.com/letyourcottage/
Project Best of Suffolk,https://sykes:1.sykes@bos.project.staging.cottage-search.com/letyourcottage/
Project Carbis Bay Holidays,https://sykes:1.sykes@cbh.project.staging.cottage-search.com/letyourcottage/
Project Character Cottages,https://sykes:1.sykes@cha.project.staging.cottage-search.com/letyourcottage/
Project Coast & Country Cottages,https://sykes:1.sykes@coastandcountry.project.staging.cottage-search.com/letyourcottage/
Project Coast & Country Holidays,https://sykes:1.sykes@wch.project.staging.cottage-search.com/letyourcottage/
Project Cornish Cottage Holidays,https://sykes:1.sykes@cornish.project.staging.cottage-search.com/letyourcottage/
Project Dream Cottages,https://sykes:1.sykes@dreamcottages.project.staging.cottage-search.com/letyourcottage/
Project Heart of the Lakes,https://sykes:1.sykes@heartofthelakes.project.staging.cottage-search.com/letyourcottage/
Project Helpful Holidays,https://sykes:1.sykes@helpful.project.staging.cottage-search.com/letyourcottage/
Project Hogans Irish Cottages,https://sykes:1.sykes@project.staging.hogansirishcottages.com/letyourcottage/
Project John Bray Cornish Holidays,https://sykes:1.sykes@jbch.project.staging.cottage-search.com/letyourcottage/
Project Lake District Lodge Holidays,https://sykes:1.sykes@ldlh.project.staging.cottage-search.com/letyourcottage/
Project Lakelovers,https://sykes:1.sykes@lakelovers.project.staging.cottage-search.com/letyourcottage/
Project Lakes Cottage Holidays,https://sykes:1.sykes@lakes.project.staging.cottage-search.com/letyourcottage/
Project Large Holiday Houses,https://sykes:1.sykes@lhh.project.staging.cottage-search.com/letyourcottage/
Project Lyme Bay Holidays,https://sykes:1.sykes@lbh.project.staging.cottage-search.com/letyourcottage/
Project Manor Cottages,https://sykes:1.sykes@manor.project.staging.cottage-search.com/letyourcottage/
Project Menai Holiday Cottages,https://sykes:1.sykes@manor.project.staging.cottage-search.com/letyourcottage/
Project Northumbria Coast & Country Cottages,https://sykes:1.sykes@nccc.project.staging.cottage-search.com/letyourcottage/
Project Yorkshire Coastal,https://sykes:1.sykes@ycc.project.staging.cottage-search.com/letyourcottage/
Cro Best Escapes,https://sykes:1.sykes@boe.cro.staging.cottage-search.com/letyourcottage/
Cro Best of Suffolk,https://sykes:1.sykes@bos.cro.staging.cottage-search.com/letyourcottage/
Cro Carbis Bay Holidays,https://sykes:1.sykes@cbh.cro.staging.cottage-search.com/letyourcottage/
Cro Character Cottages,https://sykes:1.sykes@cha.cro.staging.cottage-search.com/letyourcottage/
Cro Coast & Country Cottages,https://sykes:1.sykes@coastandcountry.cro.staging.cottage-search.com/letyourcottage/
Cro Coast & Country Holidays,https://sykes:1.sykes@wch.cro.staging.cottage-search.com/letyourcottage/
Cro Cornish Cottage Holidays,https://sykes:1.sykes@cornish.cro.staging.cottage-search.com/letyourcottage/
Cro Dream Cottages,https://sykes:1.sykes@dreamcottages.cro.staging.cottage-search.com/letyourcottage/
Cro Heart of the Lakes,https://sykes:1.sykes@heartofthelakes.cro.staging.cottage-search.com/letyourcottage/
Cro Helpful Holidays,https://sykes:1.sykes@helpful.cro.staging.cottage-search.com/letyourcottage/
Cro Hogans Irish Cottages,https://sykes:1.sykes@cro.staging.hogansirishcottages.com/letyourcottage/
Cro John Bray Cornish Holidays,https://sykes:1.sykes@jbch.cro.staging.cottage-search.com/letyourcottage/
Cro Lake District Lodge Holidays,https://sykes:1.sykes@ldlh.cro.staging.cottage-search.com/letyourcottage/
Cro Lakelovers,https://sykes:1.sykes@lakelovers.cro.staging.cottage-search.com/letyourcottage/
Cro Lakes Cottage Holidays,https://sykes:1.sykes@lakes.cro.staging.cottage-search.com/letyourcottage/
Cro Large Holiday Houses,https://sykes:1.sykes@lhh.cro.staging.cottage-search.com/letyourcottage/
Cro Lyme Bay Holidays,https://sykes:1.sykes@lbh.cro.staging.cottage-search.com/letyourcottage/
Cro Manor Cottages,https://sykes:1.sykes@manor.cro.staging.cottage-search.com/letyourcottage/
Cro Menai Holiday Cottages,https://sykes:1.sykes@manor.cro.staging.cottage-search.com/letyourcottage/
Cro Northumbria Coast & Country Cottages,https://sykes:1.sykes@nccc.cro.staging.cottage-search.com/letyourcottage/
Cro Yorkshire Coastal,https://sykes:1.sykes@ycc.cro.staging.cottage-search.com/letyourcottage/
Ephemeral Bachcare,https://sykes:1.sykes@bachcare-ephemeralName.dev.cottage-search.com/letyourcottage/
Ephemeral Best Escapes,https://sykes:1.sykes@boe-ephemeralName.dev.cottage-search.com/letyourcottage/
Ephemeral Best of Suffolk,https://sykes:1.sykes@bos-ephemeralName.dev.cottage-search.com/letyourcottage/
Ephemeral Carbis Bay Holidays,https://sykes:1.sykes@cbh-ephemeralName.dev.cottage-search.com/letyourcottage/
Ephemeral Character Cottages,https://sykes:1.sykes@cha-ephemeralName.dev.cottage-search.com/letyourcottage/
Ephemeral Coast & Country Cottages,https://sykes:1.sykes@coastandcountry-ephemeralName.dev.cottage-search.com/letyourcottage/
Ephemeral Coast & Country Holidays,https://sykes:1.sykes@wch-ephemeralName.dev.cottage-search.com/letyourcottage/
Ephemeral Cornish Cottage Holidays,https://sykes:1.sykes@cornish-ephemeralName.dev.cottage-search.com/letyourcottage/
Ephemeral Dream Cottages,https://sykes:1.sykes@dreamcottages-ephemeralName.dev.cottage-search.com/letyourcottage/
Ephemeral Heart of the Lakes,https://sykes:1.sykes@heartofthelakes-ephemeralName.dev.cottage-search.com/letyourcottage/
Ephemeral Helpful Holidays,https://sykes:1.sykes@helpful-ephemeralName.dev.cottage-search.com/letyourcottage/
Ephemeral Hogans Irish Cottages,https://sykes:1.sykes@hogans-ephemeralName.dev.cottage-search.com/letyourcottage/
Ephemeral John Bray Cornish Holidays,https://sykes:1.sykes@jbch-ephemeralName.dev.cottage-search.com/letyourcottage/
Ephemeral Lake District Lodge Holidays,https://sykes:1.sykes@ldlh-ephemeralName.dev.cottage-search.com/letyourcottage/
Ephemeral Lakelovers,https://sykes:1.sykes@lakelovers-ephemeralName.dev.cottage-search.com/letyourcottage/
Ephemeral Lakes Cottage Holidays,https://sykes:1.sykes@lakes-ephemeralName.dev.cottage-search.com/letyourcottage/
Ephemeral Large Holiday Houses,https://sykes:1.sykes@lhh-ephemeralName.dev.cottage-search.com/letyourcottage/
Ephemeral Lyme Bay Holidays,https://sykes:1.sykes@lbh-ephemeralName.dev.cottage-search.com/letyourcottage/
Ephemeral Manor Cottages,https://sykes:1.sykes@manor-ephemeralName.dev.cottage-search.com/letyourcottage/
Ephemeral Menai Holiday Cottages,https://sykes:1.sykes@manor-ephemeralName.dev.cottage-search.com/letyourcottage/
Ephemeral Northumbria Coast & Country Cottages,https://sykes:1.sykes@nccc-ephemeralName.dev.cottage-search.com/letyourcottage/
Ephemeral Yorkshire Coastal,https://sykes:1.sykes@ycc-ephemeralName.dev.cottage-search.com/letyourcottage/